Country Name,Country Code,Time,Time Code,GDP (current US$) [NY.GDP.MKTP.CD],GDP growth (annual %) [NY.GDP.MKTP.KD.ZG],Energy use (kg of oil equivalent per capita) [EG.USE.PCAP.KG.OE],"Population, total [SP.POP.TOTL]"
Australia,AUS,2000,YR2000,416167815092.908,3.9215029305806,5681.22885913159,19028802
Australia,AUS,2001,YR2001,379629301675.108,2.02510553454593,5486.39455905443,19274701
Australia,AUS,2002,YR2002,395788696012.059,3.97958568067362,5480.23464289818,19495210
Australia,AUS,2003,YR2003,467739079790.332,3.09076190489348,5615.57675632995,19720737
Australia,AUS,2004,YR2004,614659980082.515,4.22428481359962,5652.13037917952,19932722
Australia,AUS,2005,YR2005,695692898676.56,3.15416753184221,5624.49561264785,20176844
Australia,AUS,2006,YR2006,748417562769.636,2.75534610557227,5775.11675226564,20450966
Australia,AUS,2007,YR2007,855007458585.224,3.77332171303566,5853.76413229662,20827622
Australia,AUS,2008,YR2008,1056112427190.38,3.58626695226046,5951.19291532561,21249199
Australia,AUS,2009,YR2009,928762122698.05,1.89255581922549,5843.93312947132,21691653
Australia,AUS,2010,YR2010,1148838233480.72,2.21998026536549,5762.9435664152,22031750
Australia,AUS,2011,YR2011,1398610616772.97,2.40708018291988,5698.65597309349,22340024
Australia,AUS,2012,YR2012,1547532281116.4,3.91670942454073,5533.72233837943,22733465
Australia,AUS,2013,YR2013,1577123329410.88,2.60219339436559,5533.38146350965,23128129
Australia,AUS,2014,YR2014,1468265356427.76,2.59528411594042,5407.4382264583,23475686
Australia,AUS,2015,YR2015,1351296372254.31,2.19016928695221,5318.66679266228,23815995
Australia,AUS,2016,YR2016,1206836962281.84,2.7593859723839,5216.98867184459,24190907
Australia,AUS,2017,YR2017,1325582658156.54,2.27959179820343,5323.92858334601,24592588
Australia,AUS,2018,YR2018,1427809041019.44,2.87846971467883,5282.20664251934,24963258
Australia,AUS,2019,YR2019,1392723834562.64,2.17154505737176,5295.87164421938,25334826
Australia,AUS,2020,YR2020,1328414058378.38,-0.119590735829973,5229.062652917,25649248
Australia,AUS,2021,YR2021,1556735770437.26,2.11116814768786,5070.76722733807,25685412
Australia,AUS,2022,YR2022,1690858246994.43,4.24238555336139,4889.62127856192,26014399
Australia,AUS,2023,YR2023,1728057316695.61,3.44199220009025,5078.21828362275,26652777
Australia,AUS,2024,YR2024,1752193307380.34,1.4311125201703,..,27204809
Brazil,BRA,2000,YR2000,655448231983.527,4.38794944745618,1081.36193393467,174018282
Brazil,BRA,2001,YR2001,559983634798.981,1.38989640095637,1086.99299318566,176301203
Brazil,BRA,2002,YR2002,509795273806.715,3.05346185909312,1103.40127916211,178503484
Brazil,BRA,2003,YR2003,558233745651.874,1.14082899824888,1107.9739157885,180622688
Brazil,BRA,2004,YR2004,669289424806.307,5.75996463670954,1157.16905577095,182675143
Brazil,BRA,2005,YR2005,891633839894.183,3.20213206130431,1173.71585743449,184688101
Brazil,BRA,2006,YR2006,1107626541434.92,3.96198871122617,1202.05933940304,186653106
Brazil,BRA,2007,YR2007,1397114486368.67,6.06987060678338,1257.18369855417,188552320
Brazil,BRA,2008,YR2008,1695855083497.52,5.09419544658736,1314.44467157094,190367302
Brazil,BRA,2009,YR2009,1666996438581.43,-0.125812002161169,1258.83931042818,192079951
Brazil,BRA,2010,YR2010,2208837745100.55,7.52822581815364,1381.00123628752,193701929
Brazil,BRA,2011,YR2011,2616156223917.69,3.97442307944702,1386.56123964361,195284734
Brazil,BRA,2012,YR2012,2465227802806.76,1.92117598576537,1429.55235018298,196876111
Brazil,BRA,2013,YR2013,2472819535557.21,3.00482266944432,1483.68231791026,198478299
Brazil,BRA,2014,YR2014,2456043727198.85,0.503955740242247,1517.77055485822,200085127
Brazil,BRA,2015,YR2015,1802212206814.5,-3.54576339269425,1477.71135638764,201675532
Brazil,BRA,2016,YR2016,1795693482853.01,-3.27591690782192,1411.50090973164,203218114
Brazil,BRA,2017,YR2017,2063514977365.65,1.32286905404399,1428.63671291905,204703445
Brazil,BRA,2018,YR2018,1916933898010.99,1.783666761634,1400.2173612336,206107261
Brazil,BRA,2019,YR2019,1873288205059.69,1.22077782360842,1412.60729823853,207455459
Brazil,BRA,2020,YR2020,1476107231310.49,-3.2767587964736,1375.83163242979,208660842
Brazil,BRA,2021,YR2021,1670647398904.9,4.76260437908608,1426.92356611297,209550294
Brazil,BRA,2022,YR2022,1951923942083.32,3.01669435393015,1428.99253421834,210306415
Brazil,BRA,2023,YR2023,2191131765684.63,3.24165532906981,1477.28505055306,211140729
Brazil,BRA,2024,YR2024,2179412080828.59,3.39586645454844,..,211998573
China,CHN,2000,YR2000,1223754919971.05,8.58643201808462,897.492022576956,1262645000
China,CHN,2001,YR2001,1355036590251.52,8.31263887091522,920.526583305115,1271850000
China,CHN,2002,YR2002,1489821682050.54,9.24339326638321,972.216999100476,1280400000
China,CHN,2003,YR2003,1683903309843.85,10.1181928640117,1101.68272310248,1288400000
China,CHN,2004,YR2004,1984196551300.44,10.1314073631003,1246.88524780915,1296075000
China,CHN,2005,YR2005,2317551298052.05,11.458238455067,1366.34738144686,1303720000
China,CHN,2006,YR2006,2791498472804.33,12.6746751655235,1486.39617489664,1311020000
China,CHN,2007,YR2007,3604055822571.63,14.1499854947127,1591.57830388843,1317885000
China,CHN,2008,YR2008,4667346414521.95,9.67024588602851,1626.04808980232,1324655000
China,CHN,2009,YR2009,5189577094997.58,9.40269972778044,1725.32642300052,1331260000
China,CHN,2010,YR2010,6192564874453.29,10.5962719761682,1895.95046239566,1337705000
China,CHN,2011,YR2011,7671757207851.29,9.4613358870736,2023.72470452,1345035000
China,CHN,2012,YR2012,8673664713189.24,7.85617427055587,2082.18610350339,1354190000
China,CHN,2013,YR2013,9743124247267.24,7.77872409446717,2134.95604987416,1363240000
China,CHN,2014,YR2014,10674533168257.4,7.46190028229434,2175.39434497632,1371860000
China,CHN,2015,YR2015,11280814787468.9,6.97878002657477,2172.63043957296,1379860000
China,CHN,2016,YR2016,11456024084962,6.77555562837017,2147.5478242754,1387790000
China,CHN,2017,YR2017,12537559062282.9,6.8912663621211,2214.86726749259,1396215000
China,CHN,2018,YR2018,14147765772963.8,6.75671800166833,2310.14470066159,1402760000
China,CHN,2019,YR2019,14560167101283.4,6.06850235053705,2403.41507353211,1407745000
China,CHN,2020,YR2020,14996414166715.1,2.34018843078414,2472.54314843967,1411100000
China,CHN,2021,YR2021,18201698719564,8.57008513166322,2634.35668162948,1412360000
China,CHN,2022,YR2022,18316765021690.2,3.1341888719577,2690.56034893867,1412175000
China,CHN,2023,YR2023,18270356654533.2,5.41484330099675,..,1410710000
China,CHN,2024,YR2024,18743803170827.2,4.9773565917572,..,1408975000
Germany,DEU,2000,YR2000,1966980701145.1,2.87724595591061,4094.27901518469,82211508
Germany,DEU,2001,YR2001,1966381496641.73,1.63654099437316,4210.00080103251,82349925
Germany,DEU,2002,YR2002,2102350798305.89,-0.228310223930706,4108.61729515583,82488495
Germany,DEU,2003,YR2003,2534715518349.01,-0.529929010433477,4096.47794323132,82534176
Germany,DEU,2004,YR2004,2852317768061.78,1.16236825444811,4131.61083697,82516260
Germany,DEU,2005,YR2005,2893393187361.87,0.885697256705441,4109.8805864045,82469422
Germany,DEU,2006,YR2006,3046308753670.58,3.85573614635729,4235.93876578004,82376451
Germany,DEU,2007,YR2007,3484056680854.91,2.89010717888073,4023.73935857078,82266372
Germany,DEU,2008,YR2008,3808786022312.5,0.910403214153277,4081.87998694017,82110097
Germany,DEU,2009,YR2009,3479800820863.28,-5.54516454479311,3821.62500577239,81902307
Germany,DEU,2010,YR2010,3468154343000.01,4.14676755040489,4029.83085754355,81776930
Germany,DEU,2011,YR2011,3824828563521.41,3.75796884487347,3891.87175356307,80274983
Germany,DEU,2012,YR2012,3597896500945.31,0.47429132103845,3913.43920397127,80425823
Germany,DEU,2013,YR2013,3808086291482.36,0.386224592046474,3986.18505186393,80645605
Germany,DEU,2014,YR2014,3965800686309.79,2.16949889758517,3794.44720253102,80982500
Germany,DEU,2015,YR2015,3423568450957.03,1.65271978656361,3780.85027551891,81686611
Germany,DEU,2016,YR2016,3537784107980.55,2.29471066413561,3765.21799936242,82348669
Germany,DEU,2017,YR2017,3763092263752.95,2.71602454639843,3763.19404182465,82657002
Germany,DEU,2018,YR2018,4052008447223.53,1.11644310902427,3659.22924485198,82905782
Germany,DEU,2019,YR2019,3957208055215.68,0.987893350164853,3570.88159282488,83092962
Germany,DEU,2020,YR2020,3940142541354.1,-4.09513751682526,3349.19012313459,83160871
Germany,DEU,2021,YR2021,4348297440387.53,3.6699998840452,3466.91774472334,83196078
Germany,DEU,2022,YR2022,4163596357879.39,1.36973104612758,3236.72845177468,83797985
Germany,DEU,2023,YR2023,4525703903627.53,-0.266438401180253,2925.37271970833,83901923
Germany,DEU,2024,YR2024,4659929336890.62,-0.238526858256165,..,83510950
India,IND,2000,YR2000,468395521654.458,3.84099115659129,394.98401446213,1057922733
India,IND,2001,YR2001,485440139204.171,4.82396626555771,393.447140041734,1077898575
India,IND,2002,YR2002,514939140318.756,3.80397532112175,397.345623867375,1097600380
India,IND,2003,YR2003,607700687237.318,7.8603814759073,399.700175164457,1116803006
India,IND,2004,YR2004,709152728830.775,7.92293661199932,415.479367789798,1135991513
India,IND,2005,YR2005,820383763511.445,7.92343062148318,425.369146084358,1154676322
India,IND,2006,YR2006,940259888787.721,8.06073257166651,441.786253247166,1172878890
India,IND,2007,YR2007,1216736438834.96,7.6608150670107,461.202500518337,1190676021
India,IND,2008,YR2008,1198895139005.92,3.08669805921981,481.55314607601,1207930964
India,IND,2009,YR2009,1341888016994.9,7.86188883286074,509.44773467983,1225524753
India,IND,2010,YR2010,1675615519484.96,8.49758470221235,531.870869241592,1243481564
India,IND,2011,YR2011,1823051829894.55,5.24131619937695,547.48026530693,1261224954
India,IND,2012,YR2012,1827637590410.41,5.45638755166587,570.950039689589,1278674502
India,IND,2013,YR2013,1856721507621.58,6.38610640094825,576.89142121313,1295829511
India,IND,2014,YR2014,2039126479154.52,7.41022760508854,609.769630211591,1312277191
India,IND,2015,YR2015,2103588360044.94,7.99625378571471,621.233101872706,1328024498
India,IND,2016,YR2016,2294796885663.16,8.25630550179086,625.339936484507,1343944296
India,IND,2017,YR2017,2651474262755.45,6.79538341897911,647.961983314095,1359657400
India,IND,2018,YR2018,2702929641648.74,6.45385134497769,671.520649189685,1374659064
India,IND,2019,YR2019,2835606256558.19,3.87143694070356,665.57468725444,1389030312
India,IND,2020,YR2020,2674851578587.27,-5.77772470686801,624.86144636956,1402617695
India,IND,2021,YR2021,3167270623260.47,9.68959249192875,675.282775662932,1414203896
India,IND,2022,YR2022,3346107287730.93,7.60936497768895,712.242532438078,1425423212
India,IND,2023,YR2023,3638489096033.86,9.19075493028345,..,1438069596
India,IND,2024,YR2024,3912686168582.21,6.48422363033757,..,1450935791
Japan,JPN,2000,YR2000,4968359075956.59,2.76464755136783,4067.03590917034,126843000
Japan,JPN,2001,YR2001,4374711694090.87,0.386103426142029,3990.10658740607,127149000
Japan,JPN,2002,YR2002,4182846045873.61,0.0419624992862282,3992.92035611852,127445000
Japan,JPN,2003,YR2003,4519561645253.53,1.53512549946694,3956.9006759218,127718000
Japan,JPN,2004,YR2004,4893116005656.56,2.18611569439318,4085.49214215982,127761000
Japan,JPN,2005,YR2005,4831467035389.8,1.80390087215821,4066.44237819506,127773000
Japan,JPN,2006,YR2006,4601663122649.92,1.3723501275831,4064.36063398842,127854000
Japan,JPN,2007,YR2007,4579750920354.81,1.48396941157472,4020.80565275638,128001000
Japan,JPN,2008,YR2008,5106679115127.3,-1.22428900061713,3866.57157726667,128063000
Japan,JPN,2009,YR2009,5289493117993.89,-5.69323635892741,3709.30865257905,128047000
Japan,JPN,2010,YR2010,5759071769013.11,4.09791791943181,3900.49149923832,128070000
Japan,JPN,2011,YR2011,6233147172341.35,0.0238095237995424,3620.18037752431,127833000
Japan,JPN,2012,YR2012,6272362996105.03,1.37475099905274,3536.70272164962,127629000
Japan,JPN,2013,YR2013,5212328181166.18,2.00510017681211,3567.3614189571,127445000
Japan,JPN,2014,YR2014,4896994405353.29,0.296205514141889,3445.76753766555,127276000
Japan,JPN,2015,YR2015,4444930651964.18,1.56062669680782,3400.59271053608,127141000
Japan,JPN,2016,YR2016,5003677627544.24,0.753826745789127,3370.88704456467,127076000
Japan,JPN,2017,YR2017,4930837369151.42,1.67533175173359,3391.04909776843,126972000
Japan,JPN,2018,YR2018,5040880939324.86,0.643391023533141,3343.06542921568,126811000
Japan,JPN,2019,YR2019,5117993853016.51,-0.402169200894946,3261.68513219149,126633000
Japan,JPN,2020,YR2020,5054068005376.28,-4.16876457146743,3046.98230618116,126261000
Japan,JPN,2021,YR2021,5039148168861.22,2.69657404187188,3196.2173974528,125681593
Japan,JPN,2022,YR2022,4262463317796.53,0.941998775483285,3135.85954395544,125124989
Japan,JPN,2023,YR2023,4213167237905.83,1.47503481053384,3040.65374972363,124516650
Japan,JPN,2024,YR2024,4026210821146.81,0.0836985643852159,..,123975371
Russian Federation,RUS,2000,YR2000,259710142196.943,10.0000668136515,4224.98951887146,146596869
Russian Federation,RUS,2001,YR2001,306602070620.5,5.10005122572568,4287.90829493258,145976482
Russian Federation,RUS,2002,YR2002,345470494417.863,4.69999190914258,4289.43957286052,145306497
Russian Federation,RUS,2003,YR2003,430347420184.885,7.29995234528189,4461.83176005763,144648618
Russian Federation,RUS,2004,YR2004,591016690732.385,7.19994786954857,4494.50152836851,144067316
Russian Federation,RUS,2005,YR2005,764015973481.11,6.39996544799469,4541.20863501769,143518814
Russian Federation,RUS,2006,YR2006,989932071352.543,8.20006825456321,4689.15108443259,143049637
Russian Federation,RUS,2007,YR2007,1299703478481.65,8.49997776916511,4710.47452096269,142805114
Russian Federation,RUS,2008,YR2008,1660848058303.11,5.19996926404957,4822.38136319959,142742366
Russian Federation,RUS,2009,YR2009,1222645900055.7,-7.79999391271275,4529.20319928613,142785348
Russian Federation,RUS,2010,YR2010,1524916715223.95,4.49999999920672,4853.36753031766,142849468
Russian Federation,RUS,2011,YR2011,2045922753398.04,4.30002918567749,5004.23439250465,143018195
Russian Federation,RUS,2012,YR2012,2208293553878.42,4.02408615746921,5056.08323400834,143378447
Russian Federation,RUS,2013,YR2013,2292470078346.22,1.75542214874298,4896.95029768812,143805638
Russian Federation,RUS,2014,YR2014,2059241589895.01,0.736267221765672,4894.4255206275,144237223
Russian Federation,RUS,2015,YR2015,1363482182197.71,-1.97271922580408,4785.19572494067,144640716
Russian Federation,RUS,2016,YR2016,1276786350881.14,0.193690071260534,4917.54083897618,145015460
Russian Federation,RUS,2017,YR2017,1574199360089,1.82579006401834,4999.07990773733,145293260
Russian Federation,RUS,2018,YR2018,1657328773461.31,2.80724541059601,5259.90837585133,145398106
Russian Federation,RUS,2019,YR2019,1693115002708.32,2.19807571335009,5065.14820867318,145453291
Russian Federation,RUS,2020,YR2020,1493075894362.14,-2.65365450102773,5044.85366917672,145245148
Russian Federation,RUS,2021,YR2021,1829186719575.1,5.86649177292595,5681.39248037781,144746762
Russian Federation,RUS,2022,YR2022,2291612121334.64,-1.43588213859842,5601.08435085175,144236933
Russian Federation,RUS,2023,YR2023,2071505725030.58,4.08252481259281,..,143826130
Russian Federation,RUS,2024,YR2024,2173835806671.66,4.34437475491529,..,143533851
United Kingdom,GBR,2000,YR2000,1665534876683.31,4.34163419265596,3786.40281086309,58892514
United Kingdom,GBR,2001,YR2001,1649827263567.01,2.57278043964686,3785.6601241847,59119673
United Kingdom,GBR,2002,YR2002,1785729916067.15,1.79566074059649,3716.62337347063,59370479
United Kingdom,GBR,2003,YR2003,2054422857142.86,3.15234651882265,3764.06191688174,59647577
United Kingdom,GBR,2004,YR2004,2421525082387.4,2.45790443810543,3697.50381825103,59987905
United Kingdom,GBR,2005,YR2005,2543180000000,2.73266076681189,3689.55051742336,60401206
United Kingdom,GBR,2006,YR2006,2708441582336.71,2.38069403532468,3601.05090812166,60846820
United Kingdom,GBR,2007,YR2007,3090510204081.63,2.62487995340285,3443.58715993443,61322463
United Kingdom,GBR,2008,YR2008,2929411764705.88,-0.248797260756646,3370.1581117517,61806995
United Kingdom,GBR,2009,YR2009,2412840006231.5,-4.62055370768425,3144.00201324492,62276270
United Kingdom,GBR,2010,YR2010,2485482596184.71,2.23331508815346,3235.05383786127,62766365
United Kingdom,GBR,2011,YR2011,2663805834828.07,1.13836239840663,2973.83120573757,63258810
United Kingdom,GBR,2012,YR2012,2707089726614.64,1.50899834668228,3028.77223348044,63711000
United Kingdom,GBR,2013,YR2013,2784853502534.29,1.79992149702836,2962.29760006424,64139000
United Kingdom,GBR,2014,YR2014,3064708247921.43,3.19463731938923,2767.96188412765,64620000
United Kingdom,GBR,2015,YR2015,2927911140916.73,2.22288842280334,2774.79682774608,65088000
United Kingdom,GBR,2016,YR2016,2689106566899.61,1.92171009934007,2696.97999020896,65607000
United Kingdom,GBR,2017,YR2017,2680148052335.3,2.65650487566202,2658.99577329303,65966000
United Kingdom,GBR,2018,YR2018,2871340347581.79,1.40519025981538,2632.15067210726,66289000
United Kingdom,GBR,2019,YR2019,2851407164907.81,1.62447518038404,2515.96090007327,66631000
United Kingdom,GBR,2020,YR2020,2696778386607.65,-10.296918859171,2318.09526000002,66744000
United Kingdom,GBR,2021,YR2021,3143323050707.26,8.57595087393024,2373.0126426813,66984000
United Kingdom,GBR,2022,YR2022,3114042471144.39,4.83908517877134,2263.38107532261,67604000
United Kingdom,GBR,2023,YR2023,3369861888972.88,0.39708234553963,2146.76680992625,68492000
United Kingdom,GBR,2024,YR2024,3643834188782.91,1.10066786639271,..,69226000
United States,USA,2000,YR2000,10250952000000,4.07758576006954,8055.14548852416,282162411
United States,USA,2001,YR2001,10581929000000,0.95553834188668,7824.24393877407,284968955
United States,USA,2002,YR2002,10929108000000,1.7004473278454,7840.46095949898,287625193
United States,USA,2003,YR2003,11456450000000,2.79560596521233,7791.30391526846,290107933
United States,USA,2004,YR2004,12217196000000,3.84777169424153,7878.53717143427,292805298
United States,USA,2005,YR2005,13039197000000,3.48354993544559,7843.3910574627,295516599
United States,USA,2006,YR2006,13815583000000,2.78453963817891,7694.40657948116,298379912
United States,USA,2007,YR2007,14474228000000,2.00385829909158,7756.0141894981,301231207
United States,USA,2008,YR2008,14769862000000,0.113587248160997,7484.83268900712,304093966
United States,USA,2009,YR2009,14478067000000,-2.57650023225001,7053.35846690965,306771529
United States,USA,2010,YR2010,15048971000000,2.69519258234851,7162.02856711865,309378227
United States,USA,2011,YR2011,15599732000000,1.56440685537306,7009.11942905138,311839461
United States,USA,2012,YR2012,16253970000000,2.289113386319,6819.93815799921,314339099
United States,USA,2013,YR2013,16880683000000,2.11783009786468,6887.79285595109,316726282
United States,USA,2014,YR2014,17608138000000,2.52381981372621,6915.02167815161,319257560
United States,USA,2015,YR2015,18295019000000,2.94555045599772,6787.32222021056,321815121
United States,USA,2016,YR2016,18804913000000,1.81945147620522,6661.82291581181,324353340
United States,USA,2017,YR2017,19612102000000,2.45762230175086,6588.8639760222,326608609
United States,USA,2018,YR2018,20656516000000,2.96650506916596,6735.93071855022,328529577
United States,USA,2019,YR2019,21539982000000,2.58382533018889,6697.77481562378,330226227
United States,USA,2020,YR2020,21354105000000,-2.16302913866512,6137.43509213749,331577720
United States,USA,2021,YR2021,23681171000000,6.05505293304556,6440.75784032313,332099760
United States,USA,2022,YR2022,26006893000000,2.5123753198332,6505.61617919156,334017321
United States,USA,2023,YR2023,27720709000000,2.88755600905984,6392.26488409079,336806231
United States,USA,2024,YR2024,29184890000000,2.79619035621393,..,340110988
Canada,CAN,2000,YR2000,744773415931.587,5.1385391803606,8220.75720503648,30685730
Canada,CAN,2001,YR2001,738981792355.372,1.87509810696022,8013.15675299588,31020855
Canada,CAN,2002,YR2002,760649334098.005,2.99925535017809,7938.10751436397,31359199
Canada,CAN,2003,YR2003,895540646634.787,1.80638512302554,8298.27338994069,31642461
Canada,CAN,2004,YR2004,1026690238278.25,3.09236384292251,8365.39046002705,31938807
Canada,CAN,2005,YR2005,1173108598778.68,3.21045439063563,8365.3924224549,32242732
Canada,CAN,2006,YR2006,1319264809590.97,2.63794375007348,8422.73319617476,32571193
Canada,CAN,2007,YR2007,1468820407783.26,2.04990463726786,8350.59173184808,32888886
Canada,CAN,2008,YR2008,1552989690721.65,0.995406301140747,8091.82989514456,33247298
Canada,CAN,2009,YR2009,1374625142157.29,-2.91508621550267,7690.4463879463,33630069
Canada,CAN,2010,YR2010,1617343367486.26,3.09080634469335,7654.64112729243,34005902
Canada,CAN,2011,YR2011,1793326630174.52,3.13719442170364,7710.27068501778,34339221
Canada,CAN,2012,YR2012,1828366481521.6,1.75566129145483,7631.18783849186,34713395
Canada,CAN,2013,YR2013,1846597421834.98,2.32581354806429,7661.95220796422,35080992
Canada,CAN,2014,YR2014,1805749878439.94,2.87346677785811,7772.23483485271,35434066
Canada,CAN,2015,YR2015,1556508816217.14,0.649971001734855,7681.96398709014,35704498
Canada,CAN,2016,YR2016,1527994741907.43,1.03855092490855,7936.49539040876,36110803
Canada,CAN,2017,YR2017,1649265644244.09,3.03383491200222,8166.27117203823,36545075
Canada,CAN,2018,YR2018,1725329192783.02,2.74296344906655,8158.32963620489,37072620
Canada,CAN,2019,YR2019,1743725183672.52,1.90843194590616,8116.53873744093,37618495
Canada,CAN,2020,YR2020,1655684730000.19,-5.03823343468899,7485.62249555932,38028638
Canada,CAN,2021,YR2021,2022378748423.23,5.95052802804381,7601.81611143617,38239864
Canada,CAN,2022,YR2022,2190411080134.32,4.18903628100851,7632.30056151996,38935934
Canada,CAN,2023,YR2023,2173339670064.33,1.52874550838358,7418.42237990677,40083484
Canada,CAN,2024,YR2024,2241253230970.34,1.5280811085284,..,41288599
,,,,,,,
,,,,,,,
,,,,,,,
Data from database: World Development Indicators,,,,,,,
Last Updated: 07/01/2025,,,,,,,
